{"time": 2, "cells": [{"name": "SA", "population": 50.0, "susceptibles": [32.0, 30.196065521193834, 28.150322634927925], "exposed": [12.0, 11.775709531829936, 11.933452533605102], "infected": [3.0, 4.096308012617995, 4.866335851961863], "recovered": [2.0, 2.8960764772857406, 3.9690352276171006], "deaths": [1.0, 1.0358404570725004, 1.0808537518880124]}, {"name": "VIC", "population": 70.0, "susceptibles": [3.0, 3.992706416208799, 5.656180747496863], "exposed": [5.0, 5.178930397432084, 5.358555976187255], "infected": [30.0, 21.89745489864953, 16.244160488679086], "recovered": [12.0, 18.67384081580136, 22.295025310099934], "deaths": [20.0, 20.257067471908236, 20.44607747753689]}, {"name": "NSW", "population": 80.0, "susceptibles": [25.0, 23.666510921761002, 23.21960684857898], "exposed": [12.0, 13.446354531921296, 14.036182625806909], "infected": [15.0, 12.685188634127954, 11.220786724885738], "recovered": [18.0, 20.064440123058638, 21.266916644730916], "deaths": [10.0, 10.137505789131092, 10.25650715599747]}], "status": "Successfully returned all cells"}